Parameter,Type,Range,Description,Vibe_Impact_Tags
Richness,Knob,0-100%,Harmonic count density,Gloss;Shimmer;CPU
Metallic,Knob,0-100%,Inharmonic detuning,Creepy;Industrial;Bell
Timbre,Editor,Curve,Spectral profile,DNA;Tone
Impulse,Editor,Curve,Transient profile,Click;Punch
Unison,Knob,1-9,Voice stacking,Width;Super-Saw
Decay (Syn),Knob,0-100%,High freq damping,Physics;Damping
Rel (Release),Knob,0-10s,Amp envelope tail,Atmosphere;Tail
Pre (Pre-delay),Knob,0-1s,Impulse offset,Groove;Slap
Seed,Knob,Integer,Randomizer seed,Chaos;Generator
